{
  "container_information": [
    {
      "ID": 1,
      "type": "BasicContainer",
      "weight": 2000,
      "fuel_consumption": 5000.0
    },
    {
      "ID": 2,
      "type": "HeavyContainer",
      "weight": 4000,
      "fuel_consumption": 12000.0
    },
    {
      "ID": 3,
      "type": "RefrigeratedContainer",
      "weight": 3500,
      "fuel_consumption": 17500.0
    },
    {
      "ID": 4,
      "type": "LiquidContainer",
      "weight": 4000,
      "fuel_consumption": 8000.0
    },
    {
      "ID": 5,
      "type": "BasicContainer",
      "weight": 2500,
      "fuel_consumption": 6250.0
    },
    {
      "ID": 6,
      "type": "BasicContainer",
      "weight": 2500,
      "fuel_consumption": 6250.0
    },
    {
      "ID": 7,
      "type": "HeavyContainer",
      "weight": 3500,
      "fuel_consumption": 10500.0
    }
  ],
  "port_information": [
    {
      "ID": 1,
      "latitude": 40.7128,
      "longitude": -74.0060
    },
    {
      "ID": 2,
      "latitude": 34.0522,
      "longitude": -118.2437
    }
  ],
  "ship_information": {
    "ID": 1,
    "fuel": 1000,
    "currentPortID": 1,
    "totalWeightCapacity": 5000,
    "maxNumberOfAllContainers": 10,
    "maxNumberOfHeavyContainers": 5,
    "maxNumberOfRefrigeratedContainers": 3,
    "maxNumberOfLiquidContainers": 2,
    "fuelConsumption
