[
  {
    "port_id": "5ea856de-a2e8-4e54-8d8d-364d148eca90",
    "ships": [],
    "basic": 4,
    "heavy": 7,
    "refrigerated": 2,
    "liquid": 3
  },
  {
    "port_id": "f31365d8-e05f-4bd6-a708-bddbc9a3eb70",
    "ships": [
      {
        "ship_id": "29456fb2-ab23-4864-91c6-f23b985d9c6e",
        "port_id": "f31365d8-e05f-4bd6-a708-bddbc9a3eb70",
        "ports_deliver": "5ea856de-a2e8-4e54-8d8d-364d148eca90",
        "totalWeightCapacity": 1000,
        "maxNumberOfAllContainers": 20,
        "maxNumberOfHeavyContainers": 5,
        "maxNumberOfRefrigeratedContainers": 2,
        "maxNumberOfLiquidContainers": 5,
        "fuelConsumptionPerKM": 20
      },
      {
        "ship_id": "d18697ec-dd57-4584-8098-0d516b8796d2",
        "port_id": "f31365d8-e05f-4bd6-a708-bddbc9a3eb70",
        "ports_deliver": "5ea856de-a2e8-4e54-8d8d-364d148eca90",
        "totalWeightCapacity": 1000,
        "maxNumberOfAllContainers": 20,
        "maxNumberOfHeavyContainers": 5,
        "maxNumberOfRefrigeratedContainers": 2,
        "maxNumberOfLiquidContainers": 5,
        "fuelConsumptionPerKM": 20
      },
      {
        "ship_id": "54d66934-f632-4b7d-8c82-e42de220f7fd",
        "port_id": "f31365d8-e05f-4bd6-a708-bddbc9a3eb70",
        "ports_deliver": "6f0d4728-757f-4a41-96fa-9125eaba3ba4",
        "totalWeightCapacity": 1000,
        "maxNumberOfAllContainers": 20,
        "maxNumberOfHeavyContainers": 5,
        "maxNumberOfRefrigeratedContainers": 2,
        "maxNumberOfLiquidContainers": 5,
        "fuelConsumptionPerKM": 20
      },
      {
        "ship_id": "d0226721-f6d0-4243-8018-9e112b02e638",
        "port_id": "f31365d8-e05f-4bd6-a708-bddbc9a3eb70",
        "ports_deliver": "f31365d8-e05f-4bd6-a708-bddbc9a3eb70",
        "totalWeightCapacity": 1000,
        "maxNumberOfAllContainers": 20,
        "maxNumberOfHeavyContainers": 5,
        "maxNumberOfRefrigeratedContainers": 2,
        "maxNumberOfLiquidContainers": 5,
        "fuelConsumptionPerKM": 20
      }
    ],
    "basic": 1,
    "heavy": 1,
    "refrigerated": 5,
    "liquid": 3
  },
  {
    "port_id": "6f0d4728-757f-4a41-96fa-9125eaba3ba4",
    "ships": [
      {
        "ship_id": "8d46e481-4c7a-4943-b31b-bbdb236519a9",
        "port_id": "6f0d4728-757f-4a41-96fa-9125eaba3ba4",
        "ports_deliver": "5ea856de-a2e8-4e54-8d8d-364d148eca90",
        "totalWeightCapacity": 1000,
        "maxNumberOfAllContainers": 20,
        "maxNumberOfHeavyContainers": 5,
        "maxNumberOfRefrigeratedContainers": 2,
        "maxNumberOfLiquidContainers": 5,
        "fuelConsumptionPerKM": 20
      },
      {
        "ship_id": "9fe8d54f-0886-4e28-9112-57de4763f1eb",
        "port_id": "6f0d4728-757f-4a41-96fa-9125eaba3ba4",
        "ports_deliver": "e0d8e270-4e69-4ba0-928d-916d2b361931",
        "totalWeightCapacity": 1000,
        "maxNumberOfAllContainers": 20,
        "maxNumberOfHeavyContainers": 5,
        "maxNumberOfRefrigeratedContainers": 2,
        "maxNumberOfLiquidContainers": 5,
        "fuelConsumptionPerKM": 20
      },
      {
        "ship_id": "5d7b82aa-23ac-4ff4-9799-f98cc767d894",
        "port_id": "6f0d4728-757f-4a41-96fa-9125eaba3ba4",
        "ports_deliver": "e0d8e270-4e69-4ba0-928d-916d2b361931",
        "totalWeightCapacity": 1000,
        "maxNumberOfAllContainers": 20,
        "maxNumberOfHeavyContainers": 5,
        "maxNumberOfRefrigeratedContainers": 2,
        "maxNumberOfLiquidContainers": 5,
        "fuelConsumptionPerKM": 20
      }
    ],
    "basic": 6,
    "heavy": 7,
    "refrigerated": 2,
    "liquid": 4
  },
  {
    "port_id": "e0d8e270-4e69-4ba0-928d-916d2b361931",
    "ships": [
      {
        "ship_id": "2730725b-d685-4387-b4a6-d8d8a06b73b4",
        "port_id": "e0d8e270-4e69-4ba0-928d-916d2b361931",
        "ports_deliver": "5ea856de-a2e8-4e54-8d8d-364d148eca90",
        "totalWeightCapacity": 1000,
        "maxNumberOfAllContainers": 20,
        "maxNumberOfHeavyContainers": 5,
        "maxNumberOfRefrigeratedContainers": 2,
        "maxNumberOfLiquidContainers": 5,
        "fuelConsumptionPerKM": 20
      }
    ],
    "basic": 4,
    "heavy": 7,
    "refrigerated": 4,
    "liquid": 3
  },
  {
    "port_id": "f7dc16f2-fbfe-42a0-9a20-7480ccee14bf",
    "ships": [
      {
        "ship_id": "6f3d797f-65b7-4d77-822b-e56050f9b904",
        "port_id": "f7dc16f2-fbfe-42a0-9a20-7480ccee14bf",
        "ports_deliver": "6f0d4728-757f-4a41-96fa-9125eaba3ba4",
        "totalWeightCapacity": 1000,
        "maxNumberOfAllContainers": 20,
        "maxNumberOfHeavyContainers": 5,
        "maxNumberOfRefrigeratedContainers": 2,
        "maxNumberOfLiquidContainers": 5,
        "fuelConsumptionPerKM": 20
      },
      {
        "ship_id": "78893caa-8e04-4269-a265-86a0e67ba60b",
        "port_id": "f7dc16f2-fbfe-42a0-9a20-7480ccee14bf",
        "ports_deliver": "6f0d4728-757f-4a41-96fa-9125eaba3ba4",
        "totalWeightCapacity": 1000,
        "maxNumberOfAllContainers": 20,
        "maxNumberOfHeavyContainers": 5,
        "maxNumberOfRefrigeratedContainers": 2,
        "maxNumberOfLiquidContainers": 5,
        "fuelConsumptionPerKM": 20
      }
    ],
    "basic": 6,
    "heavy": 6,
    "refrigerated": 3,
    "liquid": 2
  }
]