[
  {
    "port_id": "4faa8185-e387-452f-b834-e0396fe3ecce",
    "ships": [
      {
        "ship_id": "95ecab2d-92e1-4b88-8079-49d9ccc4a054",
        "port_id": "4faa8185-e387-452f-b834-e0396fe3ecce"
      }
    ],
    "containers": { "basic": 3, "heavy": 20, "refrigerated": 5, "liquid": 1 }
  },
  {
    "port_id": "9cb29d8b-5330-4022-a75f-0ab143e15c0a",
    "ships": [
      {
        "ship_id": "95ecab2d-92e1-4b88-8079-49d9ccc4a054",
        "port_id": "226baf6e-e57a-44a9-9cdc-fba216631a2b"
      }
    ],
    "containers": { "basic": 4, "heavy": 6, "refrigerated": 1, "liquid": 1 }
  },
  {
    "port_id": "7350f3ff-771b-47da-8b46-d36bfbc882a0",
    "ships": [
      {
        "ship_id": "95ecab2d-92e1-4b88-8079-49d9ccc4a054",
        "port_id": "7350f3ff-771b-47da-8b46-d36bfbc882a0"
      },
      {
        "ship_id": "95ecab2d-92e1-4b88-8079-49d9ccc4a054",
        "port_id": "7350f3ff-771b-47da-8b46-d36bfbc882a0"
      },
      {
        "ship_id": "95ecab2d-92e1-4b88-8079-49d9ccc4a054",
        "port_id": "7350f3ff-771b-47da-8b46-d36bfbc882a0"
      },
      {
        "ship_id": "95ecab2d-92e1-4b88-8079-49d9ccc4a054",
        "port_id": "7350f3ff-771b-47da-8b46-d36bfbc882a0"
      },
      {
        "ship_id": "95ecab2d-92e1-4b88-8079-49d9ccc4a054",
        "port_id": "7350f3ff-771b-47da-8b46-d36bfbc882a0"
      }
    ],
    "containers": { "basic": 2, "heavy": 26, "refrigerated": 5, "liquid": 5 }
  },
  {
    "port_id": "226baf6e-e57a-44a9-9cdc-fba216631a2b",
    "ships": [
      {
        "ship_id": "95ecab2d-92e1-4b88-8079-49d9ccc4a054",
        "port_id": "226baf6e-e57a-44a9-9cdc-fba216631a2b"
      },
      {
        "ship_id": "95ecab2d-92e1-4b88-8079-49d9ccc4a054",
        "port_id": "226baf6e-e57a-44a9-9cdc-fba216631a2b"
      }
    ],
    "containers": { "basic": 14, "heavy": 22, "refrigerated": 6, "liquid": 4 }
  },
  {
    "port_id": "98e4c37e-ca7f-465e-9e78-53e3a6b12bf3",
    "ships": [
      {
        "ship_id": "95ecab2d-92e1-4b88-8079-49d9ccc4a054",
        "port_id": "98e4c37e-ca7f-465e-9e78-53e3a6b12bf3"
      },
      {
        "ship_id": "95ecab2d-92e1-4b88-8079-49d9ccc4a054",
        "port_id": "98e4c37e-ca7f-465e-9e78-53e3a6b12bf3"
      }
    ],
    "containers": { "basic": 7, "heavy": 11, "refrigerated": 2, "liquid": 3 }
  }
]
