[
  {
    "port_id": "31c5c7e9-afaf-4409-8649-33600de873e1",
    "ships": [
      {
        "ship_id": "5928f130-242c-478c-89ff-928fb2ab6129",
        "port_id": "31c5c7e9-afaf-4409-8649-33600de873e1"
      }
    ],
    "containers": { "basic": 3, "heavy": 26, "refrigerated": 5, "liquid": 1 }
  },
  {
    "port_id": "c006e552-0a1e-4f08-a287-c44064cd071b",
    "ships": [
      {
        "ship_id": "5928f130-242c-478c-89ff-928fb2ab6129",
        "port_id": "c006e552-0a1e-4f08-a287-c44064cd071b"
      }
    ],
    "containers": { "basic": 4, "heavy": 8, "refrigerated": 1, "liquid": 1 }
  },
  {
    "port_id": "1ee74b60-f05a-4f43-abf9-defc8109c4d7",
    "ships": [
      {
        "ship_id": "5928f130-242c-478c-89ff-928fb2ab6129",
        "port_id": "1ee74b60-f05a-4f43-abf9-defc8109c4d7"
      },
      {
        "ship_id": "5928f130-242c-478c-89ff-928fb2ab6129",
        "port_id": "1ee74b60-f05a-4f43-abf9-defc8109c4d7"
      },
      {
        "ship_id": "5928f130-242c-478c-89ff-928fb2ab6129",
        "port_id": "1ee74b60-f05a-4f43-abf9-defc8109c4d7"
      },
      {
        "ship_id": "5928f130-242c-478c-89ff-928fb2ab6129",
        "port_id": "1ee74b60-f05a-4f43-abf9-defc8109c4d7"
      },
      {
        "ship_id": "5928f130-242c-478c-89ff-928fb2ab6129",
        "port_id": "1ee74b60-f05a-4f43-abf9-defc8109c4d7"
      }
    ],
    "containers": { "basic": 2, "heavy": 36, "refrigerated": 5, "liquid": 5 }
  },
  {
    "port_id": "ecdef3a2-9e9c-4778-9a2b-b7379be6146f",
    "ships": [
      {
        "ship_id": "5928f130-242c-478c-89ff-928fb2ab6129",
        "port_id": "ecdef3a2-9e9c-4778-9a2b-b7379be6146f"
      },
      {
        "ship_id": "5928f130-242c-478c-89ff-928fb2ab6129",
        "port_id": "ecdef3a2-9e9c-4778-9a2b-b7379be6146f"
      },
      {
        "ship_id": "5928f130-242c-478c-89ff-928fb2ab6129",
        "port_id": "ecdef3a2-9e9c-4778-9a2b-b7379be6146f"
      }
    ],
    "containers": { "basic": 18, "heavy": 34, "refrigerated": 6, "liquid": 4 }
  },
  {
    "port_id": "3da3f620-f1d3-4eb5-83a9-2ce7c94a7d4c",
    "ships": [
      {
        "ship_id": "5928f130-242c-478c-89ff-928fb2ab6129",
        "port_id": "ecdef3a2-9e9c-4778-9a2b-b7379be6146f"
      },
      {
        "ship_id": "5928f130-242c-478c-89ff-928fb2ab6129",
        "port_id": "3da3f620-f1d3-4eb5-83a9-2ce7c94a7d4c"
      }
    ],
    "containers": { "basic": 3, "heavy": 14, "refrigerated": 2, "liquid": 3 }
  }
]
