[
  {
    "port_id": "09fc430d-6017-4535-9dd2-2cac99f30427",
    "ships": [
      {
        "ship_id": "d1857f8a-90c1-4d65-99d1-62a77cbd7d19",
        "port_id": "09fc430d-6017-4535-9dd2-2cac99f30427",
        "ports_deliver": "7e91ed8c-6e8f-48cb-81e0-95a053ca9f5b",
        "totalWeightCapacity": 1000,
        "maxNumberOfAllContainers": 20,
        "maxNumberOfHeavyContainers": 5,
        "maxNumberOfRefrigeratedContainers": 2,
        "maxNumberOfLiquidContainers": 5,
        "fuelConsumptionPerKM": 20
      },
      {
        "ship_id": "5b10c721-1906-4c9a-961b-256f83095cea",
        "port_id": "09fc430d-6017-4535-9dd2-2cac99f30427",
        "ports_deliver": "09fc430d-6017-4535-9dd2-2cac99f30427",
        "totalWeightCapacity": 1000,
        "maxNumberOfAllContainers": 20,
        "maxNumberOfHeavyContainers": 5,
        "maxNumberOfRefrigeratedContainers": 2,
        "maxNumberOfLiquidContainers": 5,
        "fuelConsumptionPerKM": 20
      }
    ],
    "basic": 10,
    "heavy": 6,
    "refrigerated": 1,
    "liquid": 1
  },
  {
    "port_id": "28228979-63f8-4589-8854-1b0a953c0704",
    "ships": [
      {
        "ship_id": "76558a38-11e2-4b4a-96d7-baf298924688",
        "port_id": "28228979-63f8-4589-8854-1b0a953c0704",
        "ports_deliver": "09fc430d-6017-4535-9dd2-2cac99f30427",
        "totalWeightCapacity": 1000,
        "maxNumberOfAllContainers": 20,
        "maxNumberOfHeavyContainers": 5,
        "maxNumberOfRefrigeratedContainers": 2,
        "maxNumberOfLiquidContainers": 5,
        "fuelConsumptionPerKM": 20
      },
      {
        "ship_id": "1be2fe5f-4733-49e8-8eaa-f788fe073da9",
        "port_id": "28228979-63f8-4589-8854-1b0a953c0704",
        "ports_deliver": "09fc430d-6017-4535-9dd2-2cac99f30427",
        "totalWeightCapacity": 1000,
        "maxNumberOfAllContainers": 20,
        "maxNumberOfHeavyContainers": 5,
        "maxNumberOfRefrigeratedContainers": 2,
        "maxNumberOfLiquidContainers": 5,
        "fuelConsumptionPerKM": 20
      }
    ],
    "basic": 4,
    "heavy": 6,
    "refrigerated": 1,
    "liquid": 1
  },
  {
    "port_id": "830d8e9d-175a-4dad-809b-8cbb7e4a7733",
    "ships": [],
    "basic": 5,
    "heavy": 3,
    "refrigerated": 2,
    "liquid": 2
  },
  {
    "port_id": "8f50a4ea-d3df-4b5f-846e-8d56f1a23e9e",
    "ships": [
      {
        "ship_id": "8734c0af-a5a5-46b8-8228-a05ee9210b32",
        "port_id": "8f50a4ea-d3df-4b5f-846e-8d56f1a23e9e",
        "ports_deliver": "830d8e9d-175a-4dad-809b-8cbb7e4a7733",
        "totalWeightCapacity": 1000,
        "maxNumberOfAllContainers": 20,
        "maxNumberOfHeavyContainers": 5,
        "maxNumberOfRefrigeratedContainers": 2,
        "maxNumberOfLiquidContainers": 5,
        "fuelConsumptionPerKM": 20
      },
      {
        "ship_id": "482d1ba2-3f29-44b9-8e12-fe6ed2bc198e",
        "port_id": "8f50a4ea-d3df-4b5f-846e-8d56f1a23e9e",
        "ports_deliver": "09fc430d-6017-4535-9dd2-2cac99f30427",
        "totalWeightCapacity": 1000,
        "maxNumberOfAllContainers": 20,
        "maxNumberOfHeavyContainers": 5,
        "maxNumberOfRefrigeratedContainers": 2,
        "maxNumberOfLiquidContainers": 5,
        "fuelConsumptionPerKM": 20
      },
      {
        "ship_id": "9b93be9b-33e0-47b2-a0e1-de35eb65bde0",
        "port_id": "8f50a4ea-d3df-4b5f-846e-8d56f1a23e9e",
        "ports_deliver": "830d8e9d-175a-4dad-809b-8cbb7e4a7733",
        "totalWeightCapacity": 1000,
        "maxNumberOfAllContainers": 20,
        "maxNumberOfHeavyContainers": 5,
        "maxNumberOfRefrigeratedContainers": 2,
        "maxNumberOfLiquidContainers": 5,
        "fuelConsumptionPerKM": 20
      }
    ],
    "basic": 4,
    "heavy": 8,
    "refrigerated": 3,
    "liquid": 4
  },
  {
    "port_id": "7e91ed8c-6e8f-48cb-81e0-95a053ca9f5b",
    "ships": [
      {
        "ship_id": "49dd5bb0-fd39-436b-a7f7-aabe53ebc2cc",
        "port_id": "7e91ed8c-6e8f-48cb-81e0-95a053ca9f5b",
        "ports_deliver": "830d8e9d-175a-4dad-809b-8cbb7e4a7733",
        "totalWeightCapacity": 1000,
        "maxNumberOfAllContainers": 20,
        "maxNumberOfHeavyContainers": 5,
        "maxNumberOfRefrigeratedContainers": 2,
        "maxNumberOfLiquidContainers": 5,
        "fuelConsumptionPerKM": 20
      },
      {
        "ship_id": "3d7a5d93-1e7d-4652-a340-878b109af9df",
        "port_id": "7e91ed8c-6e8f-48cb-81e0-95a053ca9f5b",
        "ports_deliver": "8f50a4ea-d3df-4b5f-846e-8d56f1a23e9e",
        "totalWeightCapacity": 1000,
        "maxNumberOfAllContainers": 20,
        "maxNumberOfHeavyContainers": 5,
        "maxNumberOfRefrigeratedContainers": 2,
        "maxNumberOfLiquidContainers": 5,
        "fuelConsumptionPerKM": 20
      },
      {
        "ship_id": "ab500423-59a4-4f3f-ba7e-dc837d133ed1",
        "port_id": "7e91ed8c-6e8f-48cb-81e0-95a053ca9f5b",
        "ports_deliver": "09fc430d-6017-4535-9dd2-2cac99f30427",
        "totalWeightCapacity": 1000,
        "maxNumberOfAllContainers": 20,
        "maxNumberOfHeavyContainers": 5,
        "maxNumberOfRefrigeratedContainers": 2,
        "maxNumberOfLiquidContainers": 5,
        "fuelConsumptionPerKM": 20
      }
    ],
    "basic": 10,
    "heavy": 5,
    "refrigerated": 2,
    "liquid": 1
  }
]