{
  "Containers_data": [
    {
      "id": "ff171ec3-57cc-4c74-8e76-c5df837a93f5",
      "weight": 1000,
      "value": null
    },
    {
      "id": "23159e42-e7e2-4abe-8998-e14f51d4c61f",
      "weight": 2000,
      "value": null
    }
  ],
  "Ships_data": [
    {
      "id": "5cc9b5de-dbba-4cb7-87a4-83fa5d2b9c0c",
      "fuel": 40000,
      "total_weight_capacity": 11100,
      "maxNumberOfAllContainers": null,
      "maxNumberOfBasicContainers": null,
      "maxNumberOfHeavyContainers": null,
      "maxNumberOfRefrigeratedContainers": null,
      "maxNumberOfLiquidContainers": null,
      "fuelConsumptionPerKM": null
    },
    {
      "id": "7dd6f49f-7c18-4657-a74a-518d8239256f",
      "fuel": 60000,
      "total_weight_capacity": 16000,
      "maxNumberOfAllContainers": null,
      "maxNumberOfBasicContainers": null,
      "maxNumberOfHeavyContainers": null,
      "maxNumberOfRefrigeratedContainers": null,
      "maxNumberOfLiquidContainers": null,
      "fuelConsumptionPerKM": null
    }
  ],
  "Ports_data": [
    {
      "id": "8a207f4b-8885-40a7-a947-94d67483d41f",
      "latitude": 81.978,
      "longitude": 12.65,
      "basic_cont": 2,
      "heavy_cont": 2,
      "refrigerated_cont": null,
      "liquid_cont": null
    },
    {
      "id": "bf5cca26-005e-4f3d-a397-049f005c8ddb",
      "latitude": 54.581,
      "longitude": 20.46,
      "basic_cont": 2,
      "heavy_cont": 2,
      "refrigerated_cont": null,
      "liquid_cont": null
    }
  ]
}